insert into administrador values ("1","pabloadmin1@email.com","pabloadmin1","pablo123");
insert into administrador values ("2","pabloadmin2@email.com","pabloadmin2","pablo123");
insert into administrador values ("3","pabloadmin3@email.com","pabloadmin3","pablo123");

insert into admin_hotel values ("1","pablo1@email.com","pablo1","pablo123");
insert into admin_hotel values ("2","pablo2@email.com","pablo2","pablo123");
insert into admin_hotel values ("3","pablo3@email.com","pablo3","pablo123");
insert into admin_hotel values ("4","pablo4@email.com","pablo4","pablo123");
insert into admin_hotel values ("5","pablo5@email.com","pablo5","pablo123");
insert into admin_hotel values ("6","pablo6@email.com","pablo6","pablo123");

insert into usuario values ("1", "a@mail.com", "nombre1", "pass1", true);
insert into usuario values ("2", "b@mail.com", "nombre2", "pass2", true);
insert into usuario values ("3", "c@mail.com", "nombre3", "pass3", true);
insert into usuario values ("4", "d@mail.com", "nombre4", "pass4", true);
insert into usuario values ("5", "e@mail.com", "nombre5", "pass5", true);
insert into usuario values ("6", "f@mail.com", "nombre6", "pass6", true);
insert into usuario values ("7", "g@mail.com", "nombre7", "pass7", true);

insert into Ciudad values (1,"Cali");
insert into Ciudad values (2,"Armenia");
insert into Ciudad values (3,"Pereira");
insert into Ciudad values (4,"Cartagena");
insert into Ciudad values (5,"Santa Marta");
insert into Ciudad values (6,"Medellin");
insert into Ciudad values (7,"Bogota");
insert into Ciudad values (8,"Bucaramanga");

insert into Caracteristica values (1, "Television");
insert into Caracteristica values (2, "Aire Acondicionado");
insert into Caracteristica values (3, "Tina");
insert into Caracteristica values (4, "Balcon");
insert into Caracteristica values (5, "Sala");
insert into Caracteristica values (6, "Closets");
insert into Caracteristica values (7, "Nochero");


insert into Caracteristica values (8, "Piscina");
insert into Caracteristica values (9, "Buffet");
insert into Caracteristica values (10, "Spa");
insert into Caracteristica values (11, "Sauna");
insert into Caracteristica values (12, "Gimnasio");
insert into Caracteristica values (13, "Restaurante");
insert into Caracteristica values (14, "Bar");
insert into Caracteristica values (15, "Canchas");
insert into Caracteristica values (16, "Parqueadero");
insert into Caracteristica values (17, "Lavanderia");
insert into Caracteristica values (18, "Wi-fi");

insert into hotel values (1, "direccion1", "Hotel1", 0, 1);
insert into hotel values (2, "direccion2", "Hotel2", 0, 1);
insert into hotel values (3, "direccion3", "Hotel3", 0, 1);
insert into hotel values (4, "direccion4", "Hotel4", 0, 2);
insert into hotel values (5, "direccion5", "Hotel5", 0, 2);
insert into hotel values (6, "direccion6", "Hotel6", 0, 2);
insert into hotel values (7, "direccion7", "Hotel7", 0, 3);
insert into hotel values (8, "direccion8", "Hotel8", 0, 3);
insert into hotel values (9, "direccion9", "Hotel9", 0, 3);
insert into hotel values (10, "direccion10", "Hotel10", 0, 4);
insert into hotel values (11, "direccion11", "Hotel11", 0, 4);
insert into hotel values (12, "direccion12", "Hotel12", 0, 4);
insert into hotel values (13, "direccion13", "Hotel13", 0, 5);
insert into hotel values (14, "direccion14", "Hotel14", 0, 5);
insert into hotel values (15, "direccion15", "Hotel15", 0, 5);
insert into hotel values (16, "direccion16", "Hotel16", 0, 6);
insert into hotel values (17, "direccion17", "Hotel17", 0, 6);
insert into hotel values (18, "direccion18", "Hotel18", 0, 6);
insert into hotel values (19, "direccion19", "Hotel19", 0, 7);
insert into hotel values (20, "direccion20", "Hotel20", 0, 7);
insert into hotel values (21, "direccion21", "Hotel21", 0, 7);
insert into hotel values (22, "direccion22", "Hotel22", 0, 8);
insert into hotel values (23, "direccion23", "Hotel23", 0, 8);
insert into hotel values (24, "direccion24", "Hotel24", 0, 8);

INSERT INTO habitacion (cod_habitacion,capacidad,numero,precio,hotel_cod_hotel)
VALUES
    (1,5,101,1928,1);
INSERT INTO habitacion (cod_habitacion,capacidad,numero,precio,hotel_cod_hotel)
VALUES
    (2,4,101,523,2);
INSERT INTO habitacion (cod_habitacion,capacidad,numero,precio,hotel_cod_hotel)
VALUES
    (3,6,101,1397,3);
INSERT INTO habitacion (cod_habitacion,capacidad,numero,precio,hotel_cod_hotel)
VALUES
    (4,7,101,877,4);
INSERT INTO habitacion (cod_habitacion,capacidad,numero,precio,hotel_cod_hotel)
VALUES
    (5,7,101,873,5);
INSERT INTO habitacion (cod_habitacion,capacidad,numero,precio,hotel_cod_hotel)
VALUES
    (6,4,101,664,6);
INSERT INTO habitacion (cod_habitacion,capacidad,numero,precio,hotel_cod_hotel)
VALUES
    (7,3,101,1281,7);
INSERT INTO habitacion (cod_habitacion,capacidad,numero,precio,hotel_cod_hotel)
VALUES
    (8,6,101,1342,8);
INSERT INTO habitacion (cod_habitacion,capacidad,numero,precio,hotel_cod_hotel)
VALUES
    (9,4,101,1992,9);
INSERT INTO habitacion (cod_habitacion,capacidad,numero,precio,hotel_cod_hotel)
VALUES
    (10,4,101,1731,10);
INSERT INTO habitacion (cod_habitacion,capacidad,numero,precio,hotel_cod_hotel)
VALUES
    (11,4,101,1540,11);
INSERT INTO habitacion (cod_habitacion,capacidad,numero,precio,hotel_cod_hotel)
VALUES
    (12,3,101,1282,12);
INSERT INTO habitacion (cod_habitacion,capacidad,numero,precio,hotel_cod_hotel)
VALUES
    (13,5,101,1084,13);
INSERT INTO habitacion (cod_habitacion,capacidad,numero,precio,hotel_cod_hotel)
VALUES
    (14,7,101,930,14);
INSERT INTO habitacion (cod_habitacion,capacidad,numero,precio,hotel_cod_hotel)
VALUES
    (15,9,101,543,15);
INSERT INTO habitacion (cod_habitacion,capacidad,numero,precio,hotel_cod_hotel)
VALUES
    (16,7,101,1794,16);
INSERT INTO habitacion (cod_habitacion,capacidad,numero,precio,hotel_cod_hotel)
VALUES
    (17,3,101,795,17);
INSERT INTO habitacion (cod_habitacion,capacidad,numero,precio,hotel_cod_hotel)
VALUES
    (18,6,101,1270,18);
INSERT INTO habitacion (cod_habitacion,capacidad,numero,precio,hotel_cod_hotel)
VALUES
    (19,4,101,1754,19);
INSERT INTO habitacion (cod_habitacion,capacidad,numero,precio,hotel_cod_hotel)
VALUES
    (20,8,101,1653,20);
INSERT INTO habitacion (cod_habitacion,capacidad,numero,precio,hotel_cod_hotel)
VALUES
    (21,4,101,1807,21);
INSERT INTO habitacion (cod_habitacion,capacidad,numero,precio,hotel_cod_hotel)
VALUES
    (22,8,101,681,22);
INSERT INTO habitacion (cod_habitacion,capacidad,numero,precio,hotel_cod_hotel)
VALUES
    (23,4,101,995,23);
INSERT INTO habitacion (cod_habitacion,capacidad,numero,precio,hotel_cod_hotel)
VALUES
    (24,5,101,835,24);
INSERT INTO habitacion (cod_habitacion,capacidad,numero,precio,hotel_cod_hotel)
VALUES
    (25,9,102,1097,1);
INSERT INTO habitacion (cod_habitacion,capacidad,numero,precio,hotel_cod_hotel)
VALUES
    (26,4,102,1572,2);
INSERT INTO habitacion (cod_habitacion,capacidad,numero,precio,hotel_cod_hotel)
VALUES
    (27,6,102,1986,3);
INSERT INTO habitacion (cod_habitacion,capacidad,numero,precio,hotel_cod_hotel)
VALUES
    (28,8,102,1620,4);
INSERT INTO habitacion (cod_habitacion,capacidad,numero,precio,hotel_cod_hotel)
VALUES
    (29,6,102,1179,5);
INSERT INTO habitacion (cod_habitacion,capacidad,numero,precio,hotel_cod_hotel)
VALUES
    (30,8,102,840,6);
INSERT INTO habitacion (cod_habitacion,capacidad,numero,precio,hotel_cod_hotel)
VALUES
    (31,3,102,1886,7);
INSERT INTO habitacion (cod_habitacion,capacidad,numero,precio,hotel_cod_hotel)
VALUES
    (32,8,102,1858,8);
INSERT INTO habitacion (cod_habitacion,capacidad,numero,precio,hotel_cod_hotel)
VALUES
    (33,9,102,774,9);
INSERT INTO habitacion (cod_habitacion,capacidad,numero,precio,hotel_cod_hotel)
VALUES
    (34,2,102,632,10);
INSERT INTO habitacion (cod_habitacion,capacidad,numero,precio,hotel_cod_hotel)
VALUES
    (35,2,102,1875,11);
INSERT INTO habitacion (cod_habitacion,capacidad,numero,precio,hotel_cod_hotel)
VALUES
    (36,3,102,1999,12);
INSERT INTO habitacion (cod_habitacion,capacidad,numero,precio,hotel_cod_hotel)
VALUES
    (37,5,102,854,13);
INSERT INTO habitacion (cod_habitacion,capacidad,numero,precio,hotel_cod_hotel)
VALUES
    (38,7,102,1389,14);
INSERT INTO habitacion (cod_habitacion,capacidad,numero,precio,hotel_cod_hotel)
VALUES
    (39,1,102,1449,15);
INSERT INTO habitacion (cod_habitacion,capacidad,numero,precio,hotel_cod_hotel)
VALUES
    (40,4,102,938,16);
INSERT INTO habitacion (cod_habitacion,capacidad,numero,precio,hotel_cod_hotel)
VALUES
    (41,5,102,1015,17);
INSERT INTO habitacion (cod_habitacion,capacidad,numero,precio,hotel_cod_hotel)
VALUES
    (42,9,102,1626,18);
INSERT INTO habitacion (cod_habitacion,capacidad,numero,precio,hotel_cod_hotel)
VALUES
    (43,8,102,1044,19);
INSERT INTO habitacion (cod_habitacion,capacidad,numero,precio,hotel_cod_hotel)
VALUES
    (44,10,102,1152,20);
INSERT INTO habitacion (cod_habitacion,capacidad,numero,precio,hotel_cod_hotel)
VALUES
    (45,4,102,932,21);
INSERT INTO habitacion (cod_habitacion,capacidad,numero,precio,hotel_cod_hotel)
VALUES
    (46,7,102,1972,22);
INSERT INTO habitacion (cod_habitacion,capacidad,numero,precio,hotel_cod_hotel)
VALUES
    (47,8,102,662,23);
INSERT INTO habitacion (cod_habitacion,capacidad,numero,precio,hotel_cod_hotel)
VALUES
    (48,8,102,1013,24);
INSERT INTO habitacion (cod_habitacion,capacidad,numero,precio,hotel_cod_hotel)
VALUES
    (49,1,103,685,1);
INSERT INTO habitacion (cod_habitacion,capacidad,numero,precio,hotel_cod_hotel)
VALUES
    (50,9,103,648,2);
INSERT INTO habitacion (cod_habitacion,capacidad,numero,precio,hotel_cod_hotel)
VALUES
    (51,3,103,737,3);
INSERT INTO habitacion (cod_habitacion,capacidad,numero,precio,hotel_cod_hotel)
VALUES
    (52,4,103,1071,4);
INSERT INTO habitacion (cod_habitacion,capacidad,numero,precio,hotel_cod_hotel)
VALUES
    (53,10,103,827,5);
INSERT INTO habitacion (cod_habitacion,capacidad,numero,precio,hotel_cod_hotel)
VALUES
    (54,9,103,808,6);
INSERT INTO habitacion (cod_habitacion,capacidad,numero,precio,hotel_cod_hotel)
VALUES
    (55,6,103,1899,7);
INSERT INTO habitacion (cod_habitacion,capacidad,numero,precio,hotel_cod_hotel)
VALUES
    (56,3,103,1321,8);
INSERT INTO habitacion (cod_habitacion,capacidad,numero,precio,hotel_cod_hotel)
VALUES
    (57,3,103,1969,9);
INSERT INTO habitacion (cod_habitacion,capacidad,numero,precio,hotel_cod_hotel)
VALUES
    (58,6,103,1700,10);
INSERT INTO habitacion (cod_habitacion,capacidad,numero,precio,hotel_cod_hotel)
VALUES
    (59,4,103,667,11);
INSERT INTO habitacion (cod_habitacion,capacidad,numero,precio,hotel_cod_hotel)
VALUES
    (60,3,103,515,12);
INSERT INTO habitacion (cod_habitacion,capacidad,numero,precio,hotel_cod_hotel)
VALUES
    (61,9,103,1385,13);
INSERT INTO habitacion (cod_habitacion,capacidad,numero,precio,hotel_cod_hotel)
VALUES
    (62,3,103,1829,14);
INSERT INTO habitacion (cod_habitacion,capacidad,numero,precio,hotel_cod_hotel)
VALUES
    (63,5,103,724,15);
INSERT INTO habitacion (cod_habitacion,capacidad,numero,precio,hotel_cod_hotel)
VALUES
    (64,2,103,1983,16);
INSERT INTO habitacion (cod_habitacion,capacidad,numero,precio,hotel_cod_hotel)
VALUES
    (65,3,103,1551,17);
INSERT INTO habitacion (cod_habitacion,capacidad,numero,precio,hotel_cod_hotel)
VALUES
    (66,9,103,726,18);
INSERT INTO habitacion (cod_habitacion,capacidad,numero,precio,hotel_cod_hotel)
VALUES
    (67,3,103,857,19);
INSERT INTO habitacion (cod_habitacion,capacidad,numero,precio,hotel_cod_hotel)
VALUES
    (68,7,103,1436,20);
INSERT INTO habitacion (cod_habitacion,capacidad,numero,precio,hotel_cod_hotel)
VALUES
    (69,3,103,1959,21);
INSERT INTO habitacion (cod_habitacion,capacidad,numero,precio,hotel_cod_hotel)
VALUES
    (70,3,103,801,22);
INSERT INTO habitacion (cod_habitacion,capacidad,numero,precio,hotel_cod_hotel)
VALUES
    (71,5,103,1382,23);
INSERT INTO habitacion (cod_habitacion,capacidad,numero,precio,hotel_cod_hotel)
VALUES
    (72,4,103,1602,24);

INSERT INTO comentario (cod_comentario,calificacion,descripcion,fecha_comentario,cedula_usuario_cedula,comentarios_hotel_cod_hotel)
VALUES
    (1,"2.9","es un comentario","2019-8-28",1,1);
INSERT INTO comentario (cod_comentario,calificacion,descripcion,fecha_comentario,cedula_usuario_cedula,comentarios_hotel_cod_hotel)
VALUES
    (2,"2.7","es un comentario","2021-2-11",1,2);
INSERT INTO comentario (cod_comentario,calificacion,descripcion,fecha_comentario,cedula_usuario_cedula,comentarios_hotel_cod_hotel)
VALUES
    (3,"3.0","es un comentario","2020-1-28",1,3);
INSERT INTO comentario (cod_comentario,calificacion,descripcion,fecha_comentario,cedula_usuario_cedula,comentarios_hotel_cod_hotel)
VALUES
    (4,"2.2","es un comentario","2019-1-5",1,4);
INSERT INTO comentario (cod_comentario,calificacion,descripcion,fecha_comentario,cedula_usuario_cedula,comentarios_hotel_cod_hotel)
VALUES
    (5,"2.7","Esto es un comentario","2018-6-24",1,5);
INSERT INTO comentario (cod_comentario,calificacion,descripcion,fecha_comentario,cedula_usuario_cedula,comentarios_hotel_cod_hotel)
VALUES
    (6,"2.8","es un comentario","2017-12-1",1,6);
INSERT INTO comentario (cod_comentario,calificacion,descripcion,fecha_comentario,cedula_usuario_cedula,comentarios_hotel_cod_hotel)
VALUES
    (7,"3.4","es un comentario","2020-7-3",1,7);
INSERT INTO comentario (cod_comentario,calificacion,descripcion,fecha_comentario,cedula_usuario_cedula,comentarios_hotel_cod_hotel)
VALUES
    (8,"3.0","es un comentario","2020-3-5",2,8);
INSERT INTO comentario (cod_comentario,calificacion,descripcion,fecha_comentario,cedula_usuario_cedula,comentarios_hotel_cod_hotel)
VALUES
    (9,"3.1","Esto es un comentario","2019-9-23",2,9);
INSERT INTO comentario (cod_comentario,calificacion,descripcion,fecha_comentario,cedula_usuario_cedula,comentarios_hotel_cod_hotel)
VALUES
    (10,"3.6","es un comentario","2018-12-25",2,10);
INSERT INTO comentario (cod_comentario,calificacion,descripcion,fecha_comentario,cedula_usuario_cedula,comentarios_hotel_cod_hotel)
VALUES
    (11,"3.4","es un comentario","2019-12-4",2,11);
INSERT INTO comentario (cod_comentario,calificacion,descripcion,fecha_comentario,cedula_usuario_cedula,comentarios_hotel_cod_hotel)
VALUES
    (12,"2.5","es un comentario","2019-10-12",2,12);
INSERT INTO comentario (cod_comentario,calificacion,descripcion,fecha_comentario,cedula_usuario_cedula,comentarios_hotel_cod_hotel)
VALUES
    (13,"3.3","es un comentario","2019-8-2",2,13);
INSERT INTO comentario (cod_comentario,calificacion,descripcion,fecha_comentario,cedula_usuario_cedula,comentarios_hotel_cod_hotel)
VALUES
    (14,"2.9","es un comentario","2019-12-14",2,14);
INSERT INTO comentario (cod_comentario,calificacion,descripcion,fecha_comentario,cedula_usuario_cedula,comentarios_hotel_cod_hotel)
VALUES
    (15,"3.1","es un comentario","2017-7-16",3,15);
INSERT INTO comentario (cod_comentario,calificacion,descripcion,fecha_comentario,cedula_usuario_cedula,comentarios_hotel_cod_hotel)
VALUES
    (16,"3.0","es un comentario","2018-10-28",3,16);
INSERT INTO comentario (cod_comentario,calificacion,descripcion,fecha_comentario,cedula_usuario_cedula,comentarios_hotel_cod_hotel)
VALUES
    (17,"2.4","es un comentario","2021-8-7",3,17);
INSERT INTO comentario (cod_comentario,calificacion,descripcion,fecha_comentario,cedula_usuario_cedula,comentarios_hotel_cod_hotel)
VALUES
    (18,"2.8","es un comentario","2020-7-19",3,18);
INSERT INTO comentario (cod_comentario,calificacion,descripcion,fecha_comentario,cedula_usuario_cedula,comentarios_hotel_cod_hotel)
VALUES
    (19,"2.7","Esto es un comentario","2021-7-29",3,19);
INSERT INTO comentario (cod_comentario,calificacion,descripcion,fecha_comentario,cedula_usuario_cedula,comentarios_hotel_cod_hotel)
VALUES
    (20,"3.1","es un comentario","2019-11-23",3,20);
INSERT INTO comentario (cod_comentario,calificacion,descripcion,fecha_comentario,cedula_usuario_cedula,comentarios_hotel_cod_hotel)
VALUES
    (21,"3.0","Esto es un comentario","2020-12-10",3,21);
INSERT INTO comentario (cod_comentario,calificacion,descripcion,fecha_comentario,cedula_usuario_cedula,comentarios_hotel_cod_hotel)
VALUES
    (22,"2.2","es un comentario","2018-12-19",4,22);
INSERT INTO comentario (cod_comentario,calificacion,descripcion,fecha_comentario,cedula_usuario_cedula,comentarios_hotel_cod_hotel)
VALUES
    (23,"3.0","Esto es un comentario","2017-6-14",4,23);
INSERT INTO comentario (cod_comentario,calificacion,descripcion,fecha_comentario,cedula_usuario_cedula,comentarios_hotel_cod_hotel)
VALUES
    (24,"3.4","Esto es un comentario","2021-9-18",4,24);
INSERT INTO comentario (cod_comentario,calificacion,descripcion,fecha_comentario,cedula_usuario_cedula,comentarios_hotel_cod_hotel)
VALUES
    (25,"1.8","Esto es un comentario","2019-12-30",4,1);
INSERT INTO comentario (cod_comentario,calificacion,descripcion,fecha_comentario,cedula_usuario_cedula,comentarios_hotel_cod_hotel)
VALUES
    (26,"2.6","Esto es un comentario","2018-7-7",4,2);
INSERT INTO comentario (cod_comentario,calificacion,descripcion,fecha_comentario,cedula_usuario_cedula,comentarios_hotel_cod_hotel)
VALUES
    (27,"2.7","es un comentario","2018-4-27",4,3);
INSERT INTO comentario (cod_comentario,calificacion,descripcion,fecha_comentario,cedula_usuario_cedula,comentarios_hotel_cod_hotel)
VALUES
    (28,"2.7","es un comentario","2021-4-19",4,4);
INSERT INTO comentario (cod_comentario,calificacion,descripcion,fecha_comentario,cedula_usuario_cedula,comentarios_hotel_cod_hotel)
VALUES
    (29,"3.2","es un comentario","2019-2-20",5,5);
INSERT INTO comentario (cod_comentario,calificacion,descripcion,fecha_comentario,cedula_usuario_cedula,comentarios_hotel_cod_hotel)
VALUES
    (30,"3.4","Esto es un comentario","2019-8-31",5,6);
INSERT INTO comentario (cod_comentario,calificacion,descripcion,fecha_comentario,cedula_usuario_cedula,comentarios_hotel_cod_hotel)
VALUES
    (31,"3.0","es un comentario","2018-11-19",5,7);
INSERT INTO comentario (cod_comentario,calificacion,descripcion,fecha_comentario,cedula_usuario_cedula,comentarios_hotel_cod_hotel)
VALUES
    (32,"3.7","es un comentario","2020-10-4",5,8);
INSERT INTO comentario (cod_comentario,calificacion,descripcion,fecha_comentario,cedula_usuario_cedula,comentarios_hotel_cod_hotel)
VALUES
    (33,"3.1","es un comentario","2019-3-16",5,9);
INSERT INTO comentario (cod_comentario,calificacion,descripcion,fecha_comentario,cedula_usuario_cedula,comentarios_hotel_cod_hotel)
VALUES
    (34,"2.6","es un comentario","2020-8-9",5,10);
INSERT INTO comentario (cod_comentario,calificacion,descripcion,fecha_comentario,cedula_usuario_cedula,comentarios_hotel_cod_hotel)
VALUES
    (35,"2.9","es un comentario","2021-3-9",5,11);
INSERT INTO comentario (cod_comentario,calificacion,descripcion,fecha_comentario,cedula_usuario_cedula,comentarios_hotel_cod_hotel)
VALUES
    (36,"4.1","es un comentario","2018-12-26",6,12);
INSERT INTO comentario (cod_comentario,calificacion,descripcion,fecha_comentario,cedula_usuario_cedula,comentarios_hotel_cod_hotel)
VALUES
    (37,"3.3","Esto es un comentario","2020-2-10",6,13);
INSERT INTO comentario (cod_comentario,calificacion,descripcion,fecha_comentario,cedula_usuario_cedula,comentarios_hotel_cod_hotel)
VALUES
    (38,"2.8","es un comentario","2019-9-22",6,14);
INSERT INTO comentario (cod_comentario,calificacion,descripcion,fecha_comentario,cedula_usuario_cedula,comentarios_hotel_cod_hotel)
VALUES
    (39,"2.7","Esto es un comentario","2021-1-29",6,15);
INSERT INTO comentario (cod_comentario,calificacion,descripcion,fecha_comentario,cedula_usuario_cedula,comentarios_hotel_cod_hotel)
VALUES
    (40,"3.1","Esto es un comentario","2021-8-19",6,16);
INSERT INTO comentario (cod_comentario,calificacion,descripcion,fecha_comentario,cedula_usuario_cedula,comentarios_hotel_cod_hotel)
VALUES
    (41,"2.6","es un comentario","2021-12-28",6,17);
INSERT INTO comentario (cod_comentario,calificacion,descripcion,fecha_comentario,cedula_usuario_cedula,comentarios_hotel_cod_hotel)
VALUES
    (42,"2.5","Esto es un comentario","2018-9-21",6,18);
INSERT INTO comentario (cod_comentario,calificacion,descripcion,fecha_comentario,cedula_usuario_cedula,comentarios_hotel_cod_hotel)
VALUES
    (43,"2.6","es un comentario","2020-8-17",7,19);
INSERT INTO comentario (cod_comentario,calificacion,descripcion,fecha_comentario,cedula_usuario_cedula,comentarios_hotel_cod_hotel)
VALUES
    (44,"3.7","es un comentario","2019-1-24",7,20);
INSERT INTO comentario (cod_comentario,calificacion,descripcion,fecha_comentario,cedula_usuario_cedula,comentarios_hotel_cod_hotel)
VALUES
    (45,"3.1","Esto es un comentario","2019-6-22",7,21);
INSERT INTO comentario (cod_comentario,calificacion,descripcion,fecha_comentario,cedula_usuario_cedula,comentarios_hotel_cod_hotel)
VALUES
    (46,"2.9","es un comentario","2021-6-7",7,22);
INSERT INTO comentario (cod_comentario,calificacion,descripcion,fecha_comentario,cedula_usuario_cedula,comentarios_hotel_cod_hotel)
VALUES
    (47,"3.3","Esto es un comentario","2017-5-19",7,23);
INSERT INTO comentario (cod_comentario,calificacion,descripcion,fecha_comentario,cedula_usuario_cedula,comentarios_hotel_cod_hotel)
VALUES
    (48,"2.6","es un comentario","2022-1-11",7,24);

INSERT INTO foto (cod_foto,ruta,cod_habitacion_cod_habitacion,cod_hotel_cod_hotel)
VALUES
    (1,"ruta2",40,15);
INSERT INTO foto (cod_foto,ruta,cod_habitacion_cod_habitacion,cod_hotel_cod_hotel)
VALUES
    (2,"ruta4",35,5);
INSERT INTO foto (cod_foto,ruta,cod_habitacion_cod_habitacion,cod_hotel_cod_hotel)
VALUES
    (3,"ruta6",20,10);
INSERT INTO foto (cod_foto,ruta,cod_habitacion_cod_habitacion,cod_hotel_cod_hotel)
VALUES
    (4,"ruta3",30,9);
INSERT INTO foto (cod_foto,ruta,cod_habitacion_cod_habitacion,cod_hotel_cod_hotel)
VALUES
    (5,"ruta4",32,18);
INSERT INTO foto (cod_foto,ruta,cod_habitacion_cod_habitacion,cod_hotel_cod_hotel)
VALUES
    (6,"ruta4",8,14);
INSERT INTO foto (cod_foto,ruta,cod_habitacion_cod_habitacion,cod_hotel_cod_hotel)
VALUES
    (7,"ruta3",17,12);
INSERT INTO foto (cod_foto,ruta,cod_habitacion_cod_habitacion,cod_hotel_cod_hotel)
VALUES
    (8,"ruta5",27,21);
INSERT INTO foto (cod_foto,ruta,cod_habitacion_cod_habitacion,cod_hotel_cod_hotel)
VALUES
    (9,"ruta3",18,16);
INSERT INTO foto (cod_foto,ruta,cod_habitacion_cod_habitacion,cod_hotel_cod_hotel)
VALUES
    (10,"ruta2",25,4);
INSERT INTO foto (cod_foto,ruta,cod_habitacion_cod_habitacion,cod_hotel_cod_hotel)
VALUES
    (11,"ruta5",48,6);
INSERT INTO foto (cod_foto,ruta,cod_habitacion_cod_habitacion,cod_hotel_cod_hotel)
VALUES
    (12,"ruta3",47,9);
INSERT INTO foto (cod_foto,ruta,cod_habitacion_cod_habitacion,cod_hotel_cod_hotel)
VALUES
    (13,"ruta3",27,21);
INSERT INTO foto (cod_foto,ruta,cod_habitacion_cod_habitacion,cod_hotel_cod_hotel)
VALUES
    (14,"ruta5",31,20);
INSERT INTO foto (cod_foto,ruta,cod_habitacion_cod_habitacion,cod_hotel_cod_hotel)
VALUES
    (15,"ruta4",4,9);
INSERT INTO foto (cod_foto,ruta,cod_habitacion_cod_habitacion,cod_hotel_cod_hotel)
VALUES
    (16,"ruta5",23,18);
INSERT INTO foto (cod_foto,ruta,cod_habitacion_cod_habitacion,cod_hotel_cod_hotel)
VALUES
    (17,"ruta1",41,5);
INSERT INTO foto (cod_foto,ruta,cod_habitacion_cod_habitacion,cod_hotel_cod_hotel)
VALUES
    (18,"ruta3",5,23);
INSERT INTO foto (cod_foto,ruta,cod_habitacion_cod_habitacion,cod_hotel_cod_hotel)
VALUES
    (19,"ruta6",2,3);
INSERT INTO foto (cod_foto,ruta,cod_habitacion_cod_habitacion,cod_hotel_cod_hotel)
VALUES
    (20,"ruta2",14,21);
INSERT INTO foto (cod_foto,ruta,cod_habitacion_cod_habitacion,cod_hotel_cod_hotel)
VALUES
    (21,"ruta2",26,3);
INSERT INTO foto (cod_foto,ruta,cod_habitacion_cod_habitacion,cod_hotel_cod_hotel)
VALUES
    (22,"ruta5",21,9);
INSERT INTO foto (cod_foto,ruta,cod_habitacion_cod_habitacion,cod_hotel_cod_hotel)
VALUES
    (23,"ruta6",38,9);
INSERT INTO foto (cod_foto,ruta,cod_habitacion_cod_habitacion,cod_hotel_cod_hotel)
VALUES
    (24,"ruta5",9,19);
INSERT INTO foto (cod_foto,ruta,cod_habitacion_cod_habitacion,cod_hotel_cod_hotel)
VALUES
    (25,"ruta2",17,7);
INSERT INTO foto (cod_foto,ruta,cod_habitacion_cod_habitacion,cod_hotel_cod_hotel)
VALUES
    (26,"ruta5",21,13);
INSERT INTO foto (cod_foto,ruta,cod_habitacion_cod_habitacion,cod_hotel_cod_hotel)
VALUES
    (27,"ruta5",36,7);
INSERT INTO foto (cod_foto,ruta,cod_habitacion_cod_habitacion,cod_hotel_cod_hotel)
VALUES
    (28,"ruta5",17,13);
INSERT INTO foto (cod_foto,ruta,cod_habitacion_cod_habitacion,cod_hotel_cod_hotel)
VALUES
    (29,"ruta4",30,16);
INSERT INTO foto (cod_foto,ruta,cod_habitacion_cod_habitacion,cod_hotel_cod_hotel)
VALUES
    (30,"ruta3",18,16);
INSERT INTO foto (cod_foto,ruta,cod_habitacion_cod_habitacion,cod_hotel_cod_hotel)
VALUES
    (31,"ruta5",8,22);
INSERT INTO foto (cod_foto,ruta,cod_habitacion_cod_habitacion,cod_hotel_cod_hotel)
VALUES
    (32,"ruta4",4,20);
INSERT INTO foto (cod_foto,ruta,cod_habitacion_cod_habitacion,cod_hotel_cod_hotel)
VALUES
    (33,"ruta5",41,3);
INSERT INTO foto (cod_foto,ruta,cod_habitacion_cod_habitacion,cod_hotel_cod_hotel)
VALUES
    (34,"ruta3",22,11);
INSERT INTO foto (cod_foto,ruta,cod_habitacion_cod_habitacion,cod_hotel_cod_hotel)
VALUES
    (35,"ruta4",2,3);
INSERT INTO foto (cod_foto,ruta,cod_habitacion_cod_habitacion,cod_hotel_cod_hotel)
VALUES
    (36,"ruta2",16,17);
INSERT INTO foto (cod_foto,ruta,cod_habitacion_cod_habitacion,cod_hotel_cod_hotel)
VALUES
    (37,"ruta4",23,15);
INSERT INTO foto (cod_foto,ruta,cod_habitacion_cod_habitacion,cod_hotel_cod_hotel)
VALUES
    (38,"ruta3",17,14);
INSERT INTO foto (cod_foto,ruta,cod_habitacion_cod_habitacion,cod_hotel_cod_hotel)
VALUES
    (39,"ruta3",43,18);
INSERT INTO foto (cod_foto,ruta,cod_habitacion_cod_habitacion,cod_hotel_cod_hotel)
VALUES
    (40,"ruta2",32,2);
INSERT INTO foto (cod_foto,ruta,cod_habitacion_cod_habitacion,cod_hotel_cod_hotel)
VALUES
    (41,"ruta4",35,11);
INSERT INTO foto (cod_foto,ruta,cod_habitacion_cod_habitacion,cod_hotel_cod_hotel)
VALUES
    (42,"ruta4",25,11);
INSERT INTO foto (cod_foto,ruta,cod_habitacion_cod_habitacion,cod_hotel_cod_hotel)
VALUES
    (43,"ruta5",8,10);
INSERT INTO foto (cod_foto,ruta,cod_habitacion_cod_habitacion,cod_hotel_cod_hotel)
VALUES
    (44,"ruta3",33,3);
INSERT INTO foto (cod_foto,ruta,cod_habitacion_cod_habitacion,cod_hotel_cod_hotel)
VALUES
    (45,"ruta4",33,6);
INSERT INTO foto (cod_foto,ruta,cod_habitacion_cod_habitacion,cod_hotel_cod_hotel)
VALUES
    (46,"ruta5",24,17);
INSERT INTO foto (cod_foto,ruta,cod_habitacion_cod_habitacion,cod_hotel_cod_hotel)
VALUES
    (47,"ruta3",44,7);
INSERT INTO foto (cod_foto,ruta,cod_habitacion_cod_habitacion,cod_hotel_cod_hotel)
VALUES
    (48,"ruta4",10,14);
INSERT INTO foto (cod_foto,ruta,cod_habitacion_cod_habitacion,cod_hotel_cod_hotel)
VALUES
    (49,"ruta4",39,4);
INSERT INTO foto (cod_foto,ruta,cod_habitacion_cod_habitacion,cod_hotel_cod_hotel)
VALUES
    (50,"ruta6",17,23);
INSERT INTO foto (cod_foto,ruta,cod_habitacion_cod_habitacion,cod_hotel_cod_hotel)
VALUES
    (51,"ruta4",22,8);
INSERT INTO foto (cod_foto,ruta,cod_habitacion_cod_habitacion,cod_hotel_cod_hotel)
VALUES
    (52,"ruta6",21,17);
INSERT INTO foto (cod_foto,ruta,cod_habitacion_cod_habitacion,cod_hotel_cod_hotel)
VALUES
    (53,"ruta5",11,9);
INSERT INTO foto (cod_foto,ruta,cod_habitacion_cod_habitacion,cod_hotel_cod_hotel)
VALUES
    (54,"ruta3",42,19);
INSERT INTO foto (cod_foto,ruta,cod_habitacion_cod_habitacion,cod_hotel_cod_hotel)
VALUES
    (55,"ruta1",13,13);
INSERT INTO foto (cod_foto,ruta,cod_habitacion_cod_habitacion,cod_hotel_cod_hotel)
VALUES
    (56,"ruta3",42,10);
INSERT INTO foto (cod_foto,ruta,cod_habitacion_cod_habitacion,cod_hotel_cod_hotel)
VALUES
    (57,"ruta2",2,7);
INSERT INTO foto (cod_foto,ruta,cod_habitacion_cod_habitacion,cod_hotel_cod_hotel)
VALUES
    (58,"ruta3",36,14);
INSERT INTO foto (cod_foto,ruta,cod_habitacion_cod_habitacion,cod_hotel_cod_hotel)
VALUES
    (59,"ruta2",44,2);
INSERT INTO foto (cod_foto,ruta,cod_habitacion_cod_habitacion,cod_hotel_cod_hotel)
VALUES
    (60,"ruta3",20,19);
INSERT INTO foto (cod_foto,ruta,cod_habitacion_cod_habitacion,cod_hotel_cod_hotel)
VALUES
    (61,"ruta1",9,5);
INSERT INTO foto (cod_foto,ruta,cod_habitacion_cod_habitacion,cod_hotel_cod_hotel)
VALUES
    (62,"ruta4",46,14);
INSERT INTO foto (cod_foto,ruta,cod_habitacion_cod_habitacion,cod_hotel_cod_hotel)
VALUES
    (63,"ruta5",14,23);
INSERT INTO foto (cod_foto,ruta,cod_habitacion_cod_habitacion,cod_hotel_cod_hotel)
VALUES
    (64,"ruta1",31,18);
INSERT INTO foto (cod_foto,ruta,cod_habitacion_cod_habitacion,cod_hotel_cod_hotel)
VALUES
    (65,"ruta6",38,6);
INSERT INTO foto (cod_foto,ruta,cod_habitacion_cod_habitacion,cod_hotel_cod_hotel)
VALUES
    (66,"ruta3",33,5);
INSERT INTO foto (cod_foto,ruta,cod_habitacion_cod_habitacion,cod_hotel_cod_hotel)
VALUES
    (67,"ruta3",33,2);
INSERT INTO foto (cod_foto,ruta,cod_habitacion_cod_habitacion,cod_hotel_cod_hotel)
VALUES
    (68,"ruta3",20,10);
INSERT INTO foto (cod_foto,ruta,cod_habitacion_cod_habitacion,cod_hotel_cod_hotel)
VALUES
    (69,"ruta3",11,8);
INSERT INTO foto (cod_foto,ruta,cod_habitacion_cod_habitacion,cod_hotel_cod_hotel)
VALUES
    (70,"ruta3",8,20);
INSERT INTO foto (cod_foto,ruta,cod_habitacion_cod_habitacion,cod_hotel_cod_hotel)
VALUES
    (71,"ruta4",6,4);
INSERT INTO foto (cod_foto,ruta,cod_habitacion_cod_habitacion,cod_hotel_cod_hotel)
VALUES
    (72,"ruta5",33,20);
INSERT INTO foto (cod_foto,ruta,cod_habitacion_cod_habitacion,cod_hotel_cod_hotel)
VALUES
    (73,"ruta2",26,23);
INSERT INTO foto (cod_foto,ruta,cod_habitacion_cod_habitacion,cod_hotel_cod_hotel)
VALUES
    (74,"ruta5",29,23);
INSERT INTO foto (cod_foto,ruta,cod_habitacion_cod_habitacion,cod_hotel_cod_hotel)
VALUES
    (75,"ruta1",35,3);
INSERT INTO foto (cod_foto,ruta,cod_habitacion_cod_habitacion,cod_hotel_cod_hotel)
VALUES
    (76,"ruta2",24,10);
INSERT INTO foto (cod_foto,ruta,cod_habitacion_cod_habitacion,cod_hotel_cod_hotel)
VALUES
    (77,"ruta4",46,20);
INSERT INTO foto (cod_foto,ruta,cod_habitacion_cod_habitacion,cod_hotel_cod_hotel)
VALUES
    (78,"ruta2",45,18);
INSERT INTO foto (cod_foto,ruta,cod_habitacion_cod_habitacion,cod_hotel_cod_hotel)
VALUES
    (79,"ruta5",46,4);
INSERT INTO foto (cod_foto,ruta,cod_habitacion_cod_habitacion,cod_hotel_cod_hotel)
VALUES
    (80,"ruta1",36,5);
INSERT INTO foto (cod_foto,ruta,cod_habitacion_cod_habitacion,cod_hotel_cod_hotel)
VALUES
    (81,"ruta3",33,22);
INSERT INTO foto (cod_foto,ruta,cod_habitacion_cod_habitacion,cod_hotel_cod_hotel)
VALUES
    (82,"ruta2",47,14);
INSERT INTO foto (cod_foto,ruta,cod_habitacion_cod_habitacion,cod_hotel_cod_hotel)
VALUES
    (83,"ruta1",12,9);
INSERT INTO foto (cod_foto,ruta,cod_habitacion_cod_habitacion,cod_hotel_cod_hotel)
VALUES
    (84,"ruta2",12,24);
INSERT INTO foto (cod_foto,ruta,cod_habitacion_cod_habitacion,cod_hotel_cod_hotel)
VALUES
    (85,"ruta1",22,11);
INSERT INTO foto (cod_foto,ruta,cod_habitacion_cod_habitacion,cod_hotel_cod_hotel)
VALUES
    (86,"ruta6",16,8);
INSERT INTO foto (cod_foto,ruta,cod_habitacion_cod_habitacion,cod_hotel_cod_hotel)
VALUES
    (87,"ruta2",31,17);
INSERT INTO foto (cod_foto,ruta,cod_habitacion_cod_habitacion,cod_hotel_cod_hotel)
VALUES
    (88,"ruta4",9,7);
INSERT INTO foto (cod_foto,ruta,cod_habitacion_cod_habitacion,cod_hotel_cod_hotel)
VALUES
    (89,"ruta4",17,8);
INSERT INTO foto (cod_foto,ruta,cod_habitacion_cod_habitacion,cod_hotel_cod_hotel)
VALUES
    (90,"ruta6",5,3);
INSERT INTO foto (cod_foto,ruta,cod_habitacion_cod_habitacion,cod_hotel_cod_hotel)
VALUES
    (91,"ruta2",14,3);
INSERT INTO foto (cod_foto,ruta,cod_habitacion_cod_habitacion,cod_hotel_cod_hotel)
VALUES
    (92,"ruta5",38,22);
INSERT INTO foto (cod_foto,ruta,cod_habitacion_cod_habitacion,cod_hotel_cod_hotel)
VALUES
    (93,"ruta2",37,18);
INSERT INTO foto (cod_foto,ruta,cod_habitacion_cod_habitacion,cod_hotel_cod_hotel)
VALUES
    (94,"ruta4",22,4);
INSERT INTO foto (cod_foto,ruta,cod_habitacion_cod_habitacion,cod_hotel_cod_hotel)
VALUES
    (95,"ruta4",43,5);
INSERT INTO foto (cod_foto,ruta,cod_habitacion_cod_habitacion,cod_hotel_cod_hotel)
VALUES
    (96,"ruta5",14,12);
INSERT INTO foto (cod_foto,ruta,cod_habitacion_cod_habitacion,cod_hotel_cod_hotel)
VALUES
    (97,"ruta4",4,7);
INSERT INTO foto (cod_foto,ruta,cod_habitacion_cod_habitacion,cod_hotel_cod_hotel)
VALUES
    (98,"ruta5",1,8);
INSERT INTO foto (cod_foto,ruta,cod_habitacion_cod_habitacion,cod_hotel_cod_hotel)
VALUES
    (99,"ruta2",43,12);
INSERT INTO foto (cod_foto,ruta,cod_habitacion_cod_habitacion,cod_hotel_cod_hotel)
VALUES
    (100,"ruta1",10,21);

INSERT INTO habitacion_camas (habitacion_cod_habitacion,camas)
VALUES
    (1,3);
INSERT INTO habitacion_camas (habitacion_cod_habitacion,camas)
VALUES
    (2,0);
INSERT INTO habitacion_camas (habitacion_cod_habitacion,camas)
VALUES
    (3,1);
INSERT INTO habitacion_camas (habitacion_cod_habitacion,camas)
VALUES
    (4,3);
INSERT INTO habitacion_camas (habitacion_cod_habitacion,camas)
VALUES
    (5,0);
INSERT INTO habitacion_camas (habitacion_cod_habitacion,camas)
VALUES
    (6,0);
INSERT INTO habitacion_camas (habitacion_cod_habitacion,camas)
VALUES
    (7,1);
INSERT INTO habitacion_camas (habitacion_cod_habitacion,camas)
VALUES
    (8,1);
INSERT INTO habitacion_camas (habitacion_cod_habitacion,camas)
VALUES
    (9,4);
INSERT INTO habitacion_camas (habitacion_cod_habitacion,camas)
VALUES
    (10,2);
INSERT INTO habitacion_camas (habitacion_cod_habitacion,camas)
VALUES
    (11,3);
INSERT INTO habitacion_camas (habitacion_cod_habitacion,camas)
VALUES
    (12,3);
INSERT INTO habitacion_camas (habitacion_cod_habitacion,camas)
VALUES
    (13,3);
INSERT INTO habitacion_camas (habitacion_cod_habitacion,camas)
VALUES
    (14,0);
INSERT INTO habitacion_camas (habitacion_cod_habitacion,camas)
VALUES
    (15,4);
INSERT INTO habitacion_camas (habitacion_cod_habitacion,camas)
VALUES
    (16,1);
INSERT INTO habitacion_camas (habitacion_cod_habitacion,camas)
VALUES
    (17,0);
INSERT INTO habitacion_camas (habitacion_cod_habitacion,camas)
VALUES
    (18,4);
INSERT INTO habitacion_camas (habitacion_cod_habitacion,camas)
VALUES
    (19,3);
INSERT INTO habitacion_camas (habitacion_cod_habitacion,camas)
VALUES
    (20,2);
INSERT INTO habitacion_camas (habitacion_cod_habitacion,camas)
VALUES
    (21,1);
INSERT INTO habitacion_camas (habitacion_cod_habitacion,camas)
VALUES
    (22,3);
INSERT INTO habitacion_camas (habitacion_cod_habitacion,camas)
VALUES
    (23,3);
INSERT INTO habitacion_camas (habitacion_cod_habitacion,camas)
VALUES
    (24,1);
INSERT INTO habitacion_camas (habitacion_cod_habitacion,camas)
VALUES
    (25,2);
INSERT INTO habitacion_camas (habitacion_cod_habitacion,camas)
VALUES
    (26,1);
INSERT INTO habitacion_camas (habitacion_cod_habitacion,camas)
VALUES
    (27,3);
INSERT INTO habitacion_camas (habitacion_cod_habitacion,camas)
VALUES
    (28,1);
INSERT INTO habitacion_camas (habitacion_cod_habitacion,camas)
VALUES
    (29,0);
INSERT INTO habitacion_camas (habitacion_cod_habitacion,camas)
VALUES
    (30,3);
INSERT INTO habitacion_camas (habitacion_cod_habitacion,camas)
VALUES
    (31,3);
INSERT INTO habitacion_camas (habitacion_cod_habitacion,camas)
VALUES
    (32,3);
INSERT INTO habitacion_camas (habitacion_cod_habitacion,camas)
VALUES
    (33,3);
INSERT INTO habitacion_camas (habitacion_cod_habitacion,camas)
VALUES
    (34,2);
INSERT INTO habitacion_camas (habitacion_cod_habitacion,camas)
VALUES
    (35,0);
INSERT INTO habitacion_camas (habitacion_cod_habitacion,camas)
VALUES
    (36,3);
INSERT INTO habitacion_camas (habitacion_cod_habitacion,camas)
VALUES
    (37,4);
INSERT INTO habitacion_camas (habitacion_cod_habitacion,camas)
VALUES
    (38,0);
INSERT INTO habitacion_camas (habitacion_cod_habitacion,camas)
VALUES
    (39,2);
INSERT INTO habitacion_camas (habitacion_cod_habitacion,camas)
VALUES
    (40,3);
INSERT INTO habitacion_camas (habitacion_cod_habitacion,camas)
VALUES
    (41,2);
INSERT INTO habitacion_camas (habitacion_cod_habitacion,camas)
VALUES
    (42,3);
INSERT INTO habitacion_camas (habitacion_cod_habitacion,camas)
VALUES
    (43,0);
INSERT INTO habitacion_camas (habitacion_cod_habitacion,camas)
VALUES
    (44,2);
INSERT INTO habitacion_camas (habitacion_cod_habitacion,camas)
VALUES
    (45,2);
INSERT INTO habitacion_camas (habitacion_cod_habitacion,camas)
VALUES
    (46,1);
INSERT INTO habitacion_camas (habitacion_cod_habitacion,camas)
VALUES
    (47,0);
INSERT INTO habitacion_camas (habitacion_cod_habitacion,camas)
VALUES
    (48,3);
INSERT INTO habitacion_camas (habitacion_cod_habitacion,camas)
VALUES
    (49,4);
INSERT INTO habitacion_camas (habitacion_cod_habitacion,camas)
VALUES
    (50,3);
INSERT INTO habitacion_camas (habitacion_cod_habitacion,camas)
VALUES
    (51,1);
INSERT INTO habitacion_camas (habitacion_cod_habitacion,camas)
VALUES
    (52,0);
INSERT INTO habitacion_camas (habitacion_cod_habitacion,camas)
VALUES
    (53,2);
INSERT INTO habitacion_camas (habitacion_cod_habitacion,camas)
VALUES
    (54,3);
INSERT INTO habitacion_camas (habitacion_cod_habitacion,camas)
VALUES
    (55,2);
INSERT INTO habitacion_camas (habitacion_cod_habitacion,camas)
VALUES
    (56,2);
INSERT INTO habitacion_camas (habitacion_cod_habitacion,camas)
VALUES
    (57,1);
INSERT INTO habitacion_camas (habitacion_cod_habitacion,camas)
VALUES
    (58,2);
INSERT INTO habitacion_camas (habitacion_cod_habitacion,camas)
VALUES
    (59,2);
INSERT INTO habitacion_camas (habitacion_cod_habitacion,camas)
VALUES
    (60,1);
INSERT INTO habitacion_camas (habitacion_cod_habitacion,camas)
VALUES
    (61,2);
INSERT INTO habitacion_camas (habitacion_cod_habitacion,camas)
VALUES
    (62,3);
INSERT INTO habitacion_camas (habitacion_cod_habitacion,camas)
VALUES
    (63,1);
INSERT INTO habitacion_camas (habitacion_cod_habitacion,camas)
VALUES
    (64,2);
INSERT INTO habitacion_camas (habitacion_cod_habitacion,camas)
VALUES
    (65,3);
INSERT INTO habitacion_camas (habitacion_cod_habitacion,camas)
VALUES
    (66,4);
INSERT INTO habitacion_camas (habitacion_cod_habitacion,camas)
VALUES
    (67,1);
INSERT INTO habitacion_camas (habitacion_cod_habitacion,camas)
VALUES
    (68,0);
INSERT INTO habitacion_camas (habitacion_cod_habitacion,camas)
VALUES
    (69,1);
INSERT INTO habitacion_camas (habitacion_cod_habitacion,camas)
VALUES
    (70,3);
INSERT INTO habitacion_camas (habitacion_cod_habitacion,camas)
VALUES
    (71,4);
INSERT INTO habitacion_camas (habitacion_cod_habitacion,camas)
VALUES
    (72,2);

INSERT INTO habitacion_caracteristicas (cod_habitaciones_cod_habitacion,caracteristicas_cod_caracteristica)
VALUES
    (1,1);
INSERT INTO habitacion_caracteristicas (cod_habitaciones_cod_habitacion,caracteristicas_cod_caracteristica)
VALUES
    (2,3);
INSERT INTO habitacion_caracteristicas (cod_habitaciones_cod_habitacion,caracteristicas_cod_caracteristica)
VALUES
    (3,6);
INSERT INTO habitacion_caracteristicas (cod_habitaciones_cod_habitacion,caracteristicas_cod_caracteristica)
VALUES
    (4,2);
INSERT INTO habitacion_caracteristicas (cod_habitaciones_cod_habitacion,caracteristicas_cod_caracteristica)
VALUES
    (5,1);
INSERT INTO habitacion_caracteristicas (cod_habitaciones_cod_habitacion,caracteristicas_cod_caracteristica)
VALUES
    (6,5);
INSERT INTO habitacion_caracteristicas (cod_habitaciones_cod_habitacion,caracteristicas_cod_caracteristica)
VALUES
    (7,1);
INSERT INTO habitacion_caracteristicas (cod_habitaciones_cod_habitacion,caracteristicas_cod_caracteristica)
VALUES
    (8,2);
INSERT INTO habitacion_caracteristicas (cod_habitaciones_cod_habitacion,caracteristicas_cod_caracteristica)
VALUES
    (9,3);
INSERT INTO habitacion_caracteristicas (cod_habitaciones_cod_habitacion,caracteristicas_cod_caracteristica)
VALUES
    (10,1);
INSERT INTO habitacion_caracteristicas (cod_habitaciones_cod_habitacion,caracteristicas_cod_caracteristica)
VALUES
    (11,2);
INSERT INTO habitacion_caracteristicas (cod_habitaciones_cod_habitacion,caracteristicas_cod_caracteristica)
VALUES
    (12,5);
INSERT INTO habitacion_caracteristicas (cod_habitaciones_cod_habitacion,caracteristicas_cod_caracteristica)
VALUES
    (13,7);
INSERT INTO habitacion_caracteristicas (cod_habitaciones_cod_habitacion,caracteristicas_cod_caracteristica)
VALUES
    (14,3);
INSERT INTO habitacion_caracteristicas (cod_habitaciones_cod_habitacion,caracteristicas_cod_caracteristica)
VALUES
    (15,4);
INSERT INTO habitacion_caracteristicas (cod_habitaciones_cod_habitacion,caracteristicas_cod_caracteristica)
VALUES
    (16,6);
INSERT INTO habitacion_caracteristicas (cod_habitaciones_cod_habitacion,caracteristicas_cod_caracteristica)
VALUES
    (17,1);
INSERT INTO habitacion_caracteristicas (cod_habitaciones_cod_habitacion,caracteristicas_cod_caracteristica)
VALUES
    (18,3);
INSERT INTO habitacion_caracteristicas (cod_habitaciones_cod_habitacion,caracteristicas_cod_caracteristica)
VALUES
    (19,2);
INSERT INTO habitacion_caracteristicas (cod_habitaciones_cod_habitacion,caracteristicas_cod_caracteristica)
VALUES
    (20,4);
INSERT INTO habitacion_caracteristicas (cod_habitaciones_cod_habitacion,caracteristicas_cod_caracteristica)
VALUES
    (21,2);
INSERT INTO habitacion_caracteristicas (cod_habitaciones_cod_habitacion,caracteristicas_cod_caracteristica)
VALUES
    (22,2);
INSERT INTO habitacion_caracteristicas (cod_habitaciones_cod_habitacion,caracteristicas_cod_caracteristica)
VALUES
    (23,4);
INSERT INTO habitacion_caracteristicas (cod_habitaciones_cod_habitacion,caracteristicas_cod_caracteristica)
VALUES
    (24,2);
INSERT INTO habitacion_caracteristicas (cod_habitaciones_cod_habitacion,caracteristicas_cod_caracteristica)
VALUES
    (25,2);
INSERT INTO habitacion_caracteristicas (cod_habitaciones_cod_habitacion,caracteristicas_cod_caracteristica)
VALUES
    (26,3);
INSERT INTO habitacion_caracteristicas (cod_habitaciones_cod_habitacion,caracteristicas_cod_caracteristica)
VALUES
    (27,2);
INSERT INTO habitacion_caracteristicas (cod_habitaciones_cod_habitacion,caracteristicas_cod_caracteristica)
VALUES
    (28,7);
INSERT INTO habitacion_caracteristicas (cod_habitaciones_cod_habitacion,caracteristicas_cod_caracteristica)
VALUES
    (29,5);
INSERT INTO habitacion_caracteristicas (cod_habitaciones_cod_habitacion,caracteristicas_cod_caracteristica)
VALUES
    (30,2);
INSERT INTO habitacion_caracteristicas (cod_habitaciones_cod_habitacion,caracteristicas_cod_caracteristica)
VALUES
    (31,7);
INSERT INTO habitacion_caracteristicas (cod_habitaciones_cod_habitacion,caracteristicas_cod_caracteristica)
VALUES
    (32,4);
INSERT INTO habitacion_caracteristicas (cod_habitaciones_cod_habitacion,caracteristicas_cod_caracteristica)
VALUES
    (33,3);
INSERT INTO habitacion_caracteristicas (cod_habitaciones_cod_habitacion,caracteristicas_cod_caracteristica)
VALUES
    (34,3);
INSERT INTO habitacion_caracteristicas (cod_habitaciones_cod_habitacion,caracteristicas_cod_caracteristica)
VALUES
    (35,1);
INSERT INTO habitacion_caracteristicas (cod_habitaciones_cod_habitacion,caracteristicas_cod_caracteristica)
VALUES
    (36,5);
INSERT INTO habitacion_caracteristicas (cod_habitaciones_cod_habitacion,caracteristicas_cod_caracteristica)
VALUES
    (37,3);
INSERT INTO habitacion_caracteristicas (cod_habitaciones_cod_habitacion,caracteristicas_cod_caracteristica)
VALUES
    (38,6);
INSERT INTO habitacion_caracteristicas (cod_habitaciones_cod_habitacion,caracteristicas_cod_caracteristica)
VALUES
    (39,4);
INSERT INTO habitacion_caracteristicas (cod_habitaciones_cod_habitacion,caracteristicas_cod_caracteristica)
VALUES
    (40,3);
INSERT INTO habitacion_caracteristicas (cod_habitaciones_cod_habitacion,caracteristicas_cod_caracteristica)
VALUES
    (41,4);
INSERT INTO habitacion_caracteristicas (cod_habitaciones_cod_habitacion,caracteristicas_cod_caracteristica)
VALUES
    (42,4);
INSERT INTO habitacion_caracteristicas (cod_habitaciones_cod_habitacion,caracteristicas_cod_caracteristica)
VALUES
    (43,6);
INSERT INTO habitacion_caracteristicas (cod_habitaciones_cod_habitacion,caracteristicas_cod_caracteristica)
VALUES
    (44,6);
INSERT INTO habitacion_caracteristicas (cod_habitaciones_cod_habitacion,caracteristicas_cod_caracteristica)
VALUES
    (45,5);
INSERT INTO habitacion_caracteristicas (cod_habitaciones_cod_habitacion,caracteristicas_cod_caracteristica)
VALUES
    (46,4);
INSERT INTO habitacion_caracteristicas (cod_habitaciones_cod_habitacion,caracteristicas_cod_caracteristica)
VALUES
    (47,5);
INSERT INTO habitacion_caracteristicas (cod_habitaciones_cod_habitacion,caracteristicas_cod_caracteristica)
VALUES
    (48,7);
INSERT INTO habitacion_caracteristicas (cod_habitaciones_cod_habitacion,caracteristicas_cod_caracteristica)
VALUES
    (49,3);
INSERT INTO habitacion_caracteristicas (cod_habitaciones_cod_habitacion,caracteristicas_cod_caracteristica)
VALUES
    (50,5);
INSERT INTO habitacion_caracteristicas (cod_habitaciones_cod_habitacion,caracteristicas_cod_caracteristica)
VALUES
    (51,2);
INSERT INTO habitacion_caracteristicas (cod_habitaciones_cod_habitacion,caracteristicas_cod_caracteristica)
VALUES
    (52,2);
INSERT INTO habitacion_caracteristicas (cod_habitaciones_cod_habitacion,caracteristicas_cod_caracteristica)
VALUES
    (53,4);
INSERT INTO habitacion_caracteristicas (cod_habitaciones_cod_habitacion,caracteristicas_cod_caracteristica)
VALUES
    (54,6);
INSERT INTO habitacion_caracteristicas (cod_habitaciones_cod_habitacion,caracteristicas_cod_caracteristica)
VALUES
    (55,4);
INSERT INTO habitacion_caracteristicas (cod_habitaciones_cod_habitacion,caracteristicas_cod_caracteristica)
VALUES
    (56,6);
INSERT INTO habitacion_caracteristicas (cod_habitaciones_cod_habitacion,caracteristicas_cod_caracteristica)
VALUES
    (57,5);
INSERT INTO habitacion_caracteristicas (cod_habitaciones_cod_habitacion,caracteristicas_cod_caracteristica)
VALUES
    (58,4);
INSERT INTO habitacion_caracteristicas (cod_habitaciones_cod_habitacion,caracteristicas_cod_caracteristica)
VALUES
    (59,2);
INSERT INTO habitacion_caracteristicas (cod_habitaciones_cod_habitacion,caracteristicas_cod_caracteristica)
VALUES
    (60,6);
INSERT INTO habitacion_caracteristicas (cod_habitaciones_cod_habitacion,caracteristicas_cod_caracteristica)
VALUES
    (61,3);
INSERT INTO habitacion_caracteristicas (cod_habitaciones_cod_habitacion,caracteristicas_cod_caracteristica)
VALUES
    (62,6);
INSERT INTO habitacion_caracteristicas (cod_habitaciones_cod_habitacion,caracteristicas_cod_caracteristica)
VALUES
    (63,5);
INSERT INTO habitacion_caracteristicas (cod_habitaciones_cod_habitacion,caracteristicas_cod_caracteristica)
VALUES
    (64,7);
INSERT INTO habitacion_caracteristicas (cod_habitaciones_cod_habitacion,caracteristicas_cod_caracteristica)
VALUES
    (65,4);
INSERT INTO habitacion_caracteristicas (cod_habitaciones_cod_habitacion,caracteristicas_cod_caracteristica)
VALUES
    (66,6);
INSERT INTO habitacion_caracteristicas (cod_habitaciones_cod_habitacion,caracteristicas_cod_caracteristica)
VALUES
    (67,3);
INSERT INTO habitacion_caracteristicas (cod_habitaciones_cod_habitacion,caracteristicas_cod_caracteristica)
VALUES
    (68,1);
INSERT INTO habitacion_caracteristicas (cod_habitaciones_cod_habitacion,caracteristicas_cod_caracteristica)
VALUES
    (69,5);
INSERT INTO habitacion_caracteristicas (cod_habitaciones_cod_habitacion,caracteristicas_cod_caracteristica)
VALUES
    (70,4);
INSERT INTO habitacion_caracteristicas (cod_habitaciones_cod_habitacion,caracteristicas_cod_caracteristica)
VALUES
    (71,3);
INSERT INTO habitacion_caracteristicas (cod_habitaciones_cod_habitacion,caracteristicas_cod_caracteristica)
VALUES
    (72,4);


INSERT INTO hotel_caracteristicas (cod_hotel_cod_hotel,caracteristicas_cod_caracteristica)
VALUES
    (1,12);
INSERT INTO hotel_caracteristicas (cod_hotel_cod_hotel,caracteristicas_cod_caracteristica)
VALUES
    (2,9);
INSERT INTO hotel_caracteristicas (cod_hotel_cod_hotel,caracteristicas_cod_caracteristica)
VALUES
    (3,17);
INSERT INTO hotel_caracteristicas (cod_hotel_cod_hotel,caracteristicas_cod_caracteristica)
VALUES
    (4,17);
INSERT INTO hotel_caracteristicas (cod_hotel_cod_hotel,caracteristicas_cod_caracteristica)
VALUES
    (5,11);
INSERT INTO hotel_caracteristicas (cod_hotel_cod_hotel,caracteristicas_cod_caracteristica)
VALUES
    (6,16);
INSERT INTO hotel_caracteristicas (cod_hotel_cod_hotel,caracteristicas_cod_caracteristica)
VALUES
    (7,14);
INSERT INTO hotel_caracteristicas (cod_hotel_cod_hotel,caracteristicas_cod_caracteristica)
VALUES
    (8,9);
INSERT INTO hotel_caracteristicas (cod_hotel_cod_hotel,caracteristicas_cod_caracteristica)
VALUES
    (9,12);
INSERT INTO hotel_caracteristicas (cod_hotel_cod_hotel,caracteristicas_cod_caracteristica)
VALUES
    (10,15);
INSERT INTO hotel_caracteristicas (cod_hotel_cod_hotel,caracteristicas_cod_caracteristica)
VALUES
    (11,12);
INSERT INTO hotel_caracteristicas (cod_hotel_cod_hotel,caracteristicas_cod_caracteristica)
VALUES
    (12,13);
INSERT INTO hotel_caracteristicas (cod_hotel_cod_hotel,caracteristicas_cod_caracteristica)
VALUES
    (13,14);
INSERT INTO hotel_caracteristicas (cod_hotel_cod_hotel,caracteristicas_cod_caracteristica)
VALUES
    (14,9);
INSERT INTO hotel_caracteristicas (cod_hotel_cod_hotel,caracteristicas_cod_caracteristica)
VALUES
    (15,17);
INSERT INTO hotel_caracteristicas (cod_hotel_cod_hotel,caracteristicas_cod_caracteristica)
VALUES
    (16,11);
INSERT INTO hotel_caracteristicas (cod_hotel_cod_hotel,caracteristicas_cod_caracteristica)
VALUES
    (17,9);
INSERT INTO hotel_caracteristicas (cod_hotel_cod_hotel,caracteristicas_cod_caracteristica)
VALUES
    (18,12);
INSERT INTO hotel_caracteristicas (cod_hotel_cod_hotel,caracteristicas_cod_caracteristica)
VALUES
    (19,9);
INSERT INTO hotel_caracteristicas (cod_hotel_cod_hotel,caracteristicas_cod_caracteristica)
VALUES
    (20,13);
INSERT INTO hotel_caracteristicas (cod_hotel_cod_hotel,caracteristicas_cod_caracteristica)
VALUES
    (21,15);
INSERT INTO hotel_caracteristicas (cod_hotel_cod_hotel,caracteristicas_cod_caracteristica)
VALUES
    (22,15);
INSERT INTO hotel_caracteristicas (cod_hotel_cod_hotel,caracteristicas_cod_caracteristica)
VALUES
    (23,14);
INSERT INTO hotel_caracteristicas (cod_hotel_cod_hotel,caracteristicas_cod_caracteristica)
VALUES
    (24,14);

INSERT INTO hotel_telefonos_hotel (hotel_cod_hotel,telefonos_hotel)
VALUES
    (1,"+57 316 438 5754");
INSERT INTO hotel_telefonos_hotel (hotel_cod_hotel,telefonos_hotel)
VALUES
    (2,"+57 317 322 4426");
INSERT INTO hotel_telefonos_hotel (hotel_cod_hotel,telefonos_hotel)
VALUES
    (3,"+57 314 386 5206");
INSERT INTO hotel_telefonos_hotel (hotel_cod_hotel,telefonos_hotel)
VALUES
    (4,"+57 316 168 1828");
INSERT INTO hotel_telefonos_hotel (hotel_cod_hotel,telefonos_hotel)
VALUES
    (5,"+57 311 532 5588");
INSERT INTO hotel_telefonos_hotel (hotel_cod_hotel,telefonos_hotel)
VALUES
    (6,"+57 318 587 8376");
INSERT INTO hotel_telefonos_hotel (hotel_cod_hotel,telefonos_hotel)
VALUES
    (7,"+57 314 210 1962");
INSERT INTO hotel_telefonos_hotel (hotel_cod_hotel,telefonos_hotel)
VALUES
    (8,"+57 314 528 2752");
INSERT INTO hotel_telefonos_hotel (hotel_cod_hotel,telefonos_hotel)
VALUES
    (9,"+57 318 476 8545");
INSERT INTO hotel_telefonos_hotel (hotel_cod_hotel,telefonos_hotel)
VALUES
    (10,"+57 317 438 1912");
INSERT INTO hotel_telefonos_hotel (hotel_cod_hotel,telefonos_hotel)
VALUES
    (11,"+57 314 857 7832");
INSERT INTO hotel_telefonos_hotel (hotel_cod_hotel,telefonos_hotel)
VALUES
    (12,"+57 313 049 7045");
INSERT INTO hotel_telefonos_hotel (hotel_cod_hotel,telefonos_hotel)
VALUES
    (13,"+57 313 246 8453");
INSERT INTO hotel_telefonos_hotel (hotel_cod_hotel,telefonos_hotel)
VALUES
    (14,"+57 318 537 0633");
INSERT INTO hotel_telefonos_hotel (hotel_cod_hotel,telefonos_hotel)
VALUES
    (15,"+57 312 357 7644");
INSERT INTO hotel_telefonos_hotel (hotel_cod_hotel,telefonos_hotel)
VALUES
    (16,"+57 311 345 7547");
INSERT INTO hotel_telefonos_hotel (hotel_cod_hotel,telefonos_hotel)
VALUES
    (17,"+57 312 884 7553");
INSERT INTO hotel_telefonos_hotel (hotel_cod_hotel,telefonos_hotel)
VALUES
    (18,"+57 316 728 0337");
INSERT INTO hotel_telefonos_hotel (hotel_cod_hotel,telefonos_hotel)
VALUES
    (19,"+57 314 744 5377");
INSERT INTO hotel_telefonos_hotel (hotel_cod_hotel,telefonos_hotel)
VALUES
    (20,"+57 317 390 6128");
INSERT INTO hotel_telefonos_hotel (hotel_cod_hotel,telefonos_hotel)
VALUES
    (21,"+57 314 252 8436");
INSERT INTO hotel_telefonos_hotel (hotel_cod_hotel,telefonos_hotel)
VALUES
    (22,"+57 316 018 7985");
INSERT INTO hotel_telefonos_hotel (hotel_cod_hotel,telefonos_hotel)
VALUES
    (23,"+57 316 257 8806");
INSERT INTO hotel_telefonos_hotel (hotel_cod_hotel,telefonos_hotel)
VALUES
    (24,"+57 317 616 1868");

INSERT INTO reserva (cod_reserva,fecha_llegada,fecha_reserva,fecha_salida,metodo_de_pago,valor,usuario_cedula)
VALUES
    (1,"2022-7-9","2022-5-24","2022-6-18",2,1400,"1");
INSERT INTO reserva (cod_reserva,fecha_llegada,fecha_reserva,fecha_salida,metodo_de_pago,valor,usuario_cedula)
VALUES
    (2,"2022-7-24","2022-5-15","2022-6-15",1,977,"2");
INSERT INTO reserva (cod_reserva,fecha_llegada,fecha_reserva,fecha_salida,metodo_de_pago,valor,usuario_cedula)
VALUES
    (3,"2022-7-14","2022-5-20","2022-6-14",2,2187,"3");
INSERT INTO reserva (cod_reserva,fecha_llegada,fecha_reserva,fecha_salida,metodo_de_pago,valor,usuario_cedula)
VALUES
    (4,"2022-7-7","2022-5-15","2022-6-15",2,2230,"4");
INSERT INTO reserva (cod_reserva,fecha_llegada,fecha_reserva,fecha_salida,metodo_de_pago,valor,usuario_cedula)
VALUES
    (5,"2022-8-19","2022-5-20","2022-6-23",2,1590,"5");
INSERT INTO reserva (cod_reserva,fecha_llegada,fecha_reserva,fecha_salida,metodo_de_pago,valor,usuario_cedula)
VALUES
    (6,"2022-8-16","2022-5-5","2022-6-25",1,1837,"6");
INSERT INTO reserva (cod_reserva,fecha_llegada,fecha_reserva,fecha_salida,metodo_de_pago,valor,usuario_cedula)
VALUES
    (7,"2022-8-13","2022-5-27","2022-6-23",2,1937,"7");

INSERT INTO reserva_hoteles (reservas_cod_reserva,hoteles_cod_hotel)
VALUES
    (1,11);
INSERT INTO reserva_hoteles (reservas_cod_reserva,hoteles_cod_hotel)
VALUES
    (2,16);
INSERT INTO reserva_hoteles (reservas_cod_reserva,hoteles_cod_hotel)
VALUES
    (3,6);
INSERT INTO reserva_hoteles (reservas_cod_reserva,hoteles_cod_hotel)
VALUES
    (4,8);
INSERT INTO reserva_hoteles (reservas_cod_reserva,hoteles_cod_hotel)
VALUES
    (5,4);
INSERT INTO reserva_hoteles (reservas_cod_reserva,hoteles_cod_hotel)
VALUES
    (6,19);
INSERT INTO reserva_hoteles (reservas_cod_reserva,hoteles_cod_hotel)
VALUES
    (7,23);

INSERT INTO silla (cod_silla)
VALUES
    (1);
INSERT INTO silla (cod_silla)
VALUES
    (2);
INSERT INTO silla (cod_silla)
VALUES
    (3);
INSERT INTO silla (cod_silla)
VALUES
    (4);
INSERT INTO silla (cod_silla)
VALUES
    (5);
INSERT INTO silla (cod_silla)
VALUES
    (6);
INSERT INTO silla (cod_silla)
VALUES
    (7);
INSERT INTO silla (cod_silla)
VALUES
    (8);
INSERT INTO silla (cod_silla)
VALUES
    (9);
INSERT INTO silla (cod_silla)
VALUES
    (10);
INSERT INTO silla (cod_silla)
VALUES
    (11);
INSERT INTO silla (cod_silla)
VALUES
    (12);
INSERT INTO silla (cod_silla)
VALUES
    (13);
INSERT INTO silla (cod_silla)
VALUES
    (14);
INSERT INTO silla (cod_silla)
VALUES
    (15);
INSERT INTO silla (cod_silla)
VALUES
    (16);
INSERT INTO silla (cod_silla)
VALUES
    (17);
INSERT INTO silla (cod_silla)
VALUES
    (18);
INSERT INTO silla (cod_silla)
VALUES
    (19);
INSERT INTO silla (cod_silla)
VALUES
    (20);
INSERT INTO silla (cod_silla)
VALUES
    (21);
INSERT INTO silla (cod_silla)
VALUES
    (22);
INSERT INTO silla (cod_silla)
VALUES
    (23);
INSERT INTO silla (cod_silla)
VALUES
    (24);
INSERT INTO silla (cod_silla)
VALUES
    (25);
INSERT INTO silla (cod_silla)
VALUES
    (26);
INSERT INTO silla (cod_silla)
VALUES
    (27);
INSERT INTO silla (cod_silla)
VALUES
    (28);
INSERT INTO silla (cod_silla)
VALUES
    (29);
INSERT INTO silla (cod_silla)
VALUES
    (30);
INSERT INTO silla (cod_silla)
VALUES
    (31);
INSERT INTO silla (cod_silla)
VALUES
    (32);
INSERT INTO silla (cod_silla)
VALUES
    (33);
INSERT INTO silla (cod_silla)
VALUES
    (34);
INSERT INTO silla (cod_silla)
VALUES
    (35);
INSERT INTO silla (cod_silla)
VALUES
    (36);
INSERT INTO silla (cod_silla)
VALUES
    (37);
INSERT INTO silla (cod_silla)
VALUES
    (38);
INSERT INTO silla (cod_silla)
VALUES
    (39);
INSERT INTO silla (cod_silla)
VALUES
    (40);
INSERT INTO silla (cod_silla)
VALUES
    (41);
INSERT INTO silla (cod_silla)
VALUES
    (42);
INSERT INTO silla (cod_silla)
VALUES
    (43);
INSERT INTO silla (cod_silla)
VALUES
    (44);
INSERT INTO silla (cod_silla)
VALUES
    (45);
INSERT INTO silla (cod_silla)
VALUES
    (46);
INSERT INTO silla (cod_silla)
VALUES
    (47);
INSERT INTO silla (cod_silla)
VALUES
    (48);
INSERT INTO silla (cod_silla)
VALUES
    (49);
INSERT INTO silla (cod_silla)
VALUES
    (50);
INSERT INTO silla (cod_silla)
VALUES
    (51);
INSERT INTO silla (cod_silla)
VALUES
    (52);
INSERT INTO silla (cod_silla)
VALUES
    (53);
INSERT INTO silla (cod_silla)
VALUES
    (54);
INSERT INTO silla (cod_silla)
VALUES
    (55);
INSERT INTO silla (cod_silla)
VALUES
    (56);
INSERT INTO silla (cod_silla)
VALUES
    (57);
INSERT INTO silla (cod_silla)
VALUES
    (58);
INSERT INTO silla (cod_silla)
VALUES
    (59);
INSERT INTO silla (cod_silla)
VALUES
    (60);
INSERT INTO silla (cod_silla)
VALUES
    (61);
INSERT INTO silla (cod_silla)
VALUES
    (62);
INSERT INTO silla (cod_silla)
VALUES
    (63);
INSERT INTO silla (cod_silla)
VALUES
    (64);
INSERT INTO silla (cod_silla)
VALUES
    (65);
INSERT INTO silla (cod_silla)
VALUES
    (66);
INSERT INTO silla (cod_silla)
VALUES
    (67);
INSERT INTO silla (cod_silla)
VALUES
    (68);
INSERT INTO silla (cod_silla)
VALUES
    (69);
INSERT INTO silla (cod_silla)
VALUES
    (70);

INSERT INTO silla_reservas (sillas_cod_silla,reservas_cod_reserva)
VALUES
    (1,6);
INSERT INTO silla_reservas (sillas_cod_silla,reservas_cod_reserva)
VALUES
    (2,4);
INSERT INTO silla_reservas (sillas_cod_silla,reservas_cod_reserva)
VALUES
    (3,5);
INSERT INTO silla_reservas (sillas_cod_silla,reservas_cod_reserva)
VALUES
    (4,2);
INSERT INTO silla_reservas (sillas_cod_silla,reservas_cod_reserva)
VALUES
    (5,2);
INSERT INTO silla_reservas (sillas_cod_silla,reservas_cod_reserva)
VALUES
    (6,5);
INSERT INTO silla_reservas (sillas_cod_silla,reservas_cod_reserva)
VALUES
    (7,7);
INSERT INTO silla_reservas (sillas_cod_silla,reservas_cod_reserva)
VALUES
    (8,5);
INSERT INTO silla_reservas (sillas_cod_silla,reservas_cod_reserva)
VALUES
    (9,5);
INSERT INTO silla_reservas (sillas_cod_silla,reservas_cod_reserva)
VALUES
    (10,2);
INSERT INTO silla_reservas (sillas_cod_silla,reservas_cod_reserva)
VALUES
    (11,1);
INSERT INTO silla_reservas (sillas_cod_silla,reservas_cod_reserva)
VALUES
    (12,2);
INSERT INTO silla_reservas (sillas_cod_silla,reservas_cod_reserva)
VALUES
    (13,5);
INSERT INTO silla_reservas (sillas_cod_silla,reservas_cod_reserva)
VALUES
    (14,7);
INSERT INTO silla_reservas (sillas_cod_silla,reservas_cod_reserva)
VALUES
    (15,3);
INSERT INTO silla_reservas (sillas_cod_silla,reservas_cod_reserva)
VALUES
    (16,7);
INSERT INTO silla_reservas (sillas_cod_silla,reservas_cod_reserva)
VALUES
    (17,7);
INSERT INTO silla_reservas (sillas_cod_silla,reservas_cod_reserva)
VALUES
    (18,4);
INSERT INTO silla_reservas (sillas_cod_silla,reservas_cod_reserva)
VALUES
    (19,1);
INSERT INTO silla_reservas (sillas_cod_silla,reservas_cod_reserva)
VALUES
    (20,7);
INSERT INTO silla_reservas (sillas_cod_silla,reservas_cod_reserva)
VALUES
    (21,2);
INSERT INTO silla_reservas (sillas_cod_silla,reservas_cod_reserva)
VALUES
    (22,5);
INSERT INTO silla_reservas (sillas_cod_silla,reservas_cod_reserva)
VALUES
    (23,5);
INSERT INTO silla_reservas (sillas_cod_silla,reservas_cod_reserva)
VALUES
    (24,7);
INSERT INTO silla_reservas (sillas_cod_silla,reservas_cod_reserva)
VALUES
    (25,3);
INSERT INTO silla_reservas (sillas_cod_silla,reservas_cod_reserva)
VALUES
    (26,2);
INSERT INTO silla_reservas (sillas_cod_silla,reservas_cod_reserva)
VALUES
    (27,4);
INSERT INTO silla_reservas (sillas_cod_silla,reservas_cod_reserva)
VALUES
    (28,4);
INSERT INTO silla_reservas (sillas_cod_silla,reservas_cod_reserva)
VALUES
    (29,4);
INSERT INTO silla_reservas (sillas_cod_silla,reservas_cod_reserva)
VALUES
    (30,1);
INSERT INTO silla_reservas (sillas_cod_silla,reservas_cod_reserva)
VALUES
    (31,2);
INSERT INTO silla_reservas (sillas_cod_silla,reservas_cod_reserva)
VALUES
    (32,5);
INSERT INTO silla_reservas (sillas_cod_silla,reservas_cod_reserva)
VALUES
    (33,3);
INSERT INTO silla_reservas (sillas_cod_silla,reservas_cod_reserva)
VALUES
    (34,1);
INSERT INTO silla_reservas (sillas_cod_silla,reservas_cod_reserva)
VALUES
    (35,5);
INSERT INTO silla_reservas (sillas_cod_silla,reservas_cod_reserva)
VALUES
    (36,7);
INSERT INTO silla_reservas (sillas_cod_silla,reservas_cod_reserva)
VALUES
    (37,3);
INSERT INTO silla_reservas (sillas_cod_silla,reservas_cod_reserva)
VALUES
    (38,4);
INSERT INTO silla_reservas (sillas_cod_silla,reservas_cod_reserva)
VALUES
    (39,3);
INSERT INTO silla_reservas (sillas_cod_silla,reservas_cod_reserva)
VALUES
    (40,2);
INSERT INTO silla_reservas (sillas_cod_silla,reservas_cod_reserva)
VALUES
    (41,7);
INSERT INTO silla_reservas (sillas_cod_silla,reservas_cod_reserva)
VALUES
    (42,3);
INSERT INTO silla_reservas (sillas_cod_silla,reservas_cod_reserva)
VALUES
    (43,3);
INSERT INTO silla_reservas (sillas_cod_silla,reservas_cod_reserva)
VALUES
    (44,4);
INSERT INTO silla_reservas (sillas_cod_silla,reservas_cod_reserva)
VALUES
    (45,4);
INSERT INTO silla_reservas (sillas_cod_silla,reservas_cod_reserva)
VALUES
    (46,4);
INSERT INTO silla_reservas (sillas_cod_silla,reservas_cod_reserva)
VALUES
    (47,2);
INSERT INTO silla_reservas (sillas_cod_silla,reservas_cod_reserva)
VALUES
    (48,7);
INSERT INTO silla_reservas (sillas_cod_silla,reservas_cod_reserva)
VALUES
    (49,5);
INSERT INTO silla_reservas (sillas_cod_silla,reservas_cod_reserva)
VALUES
    (50,3);
INSERT INTO silla_reservas (sillas_cod_silla,reservas_cod_reserva)
VALUES
    (51,3);
INSERT INTO silla_reservas (sillas_cod_silla,reservas_cod_reserva)
VALUES
    (52,6);
INSERT INTO silla_reservas (sillas_cod_silla,reservas_cod_reserva)
VALUES
    (53,4);
INSERT INTO silla_reservas (sillas_cod_silla,reservas_cod_reserva)
VALUES
    (54,6);
INSERT INTO silla_reservas (sillas_cod_silla,reservas_cod_reserva)
VALUES
    (55,6);
INSERT INTO silla_reservas (sillas_cod_silla,reservas_cod_reserva)
VALUES
    (56,6);
INSERT INTO silla_reservas (sillas_cod_silla,reservas_cod_reserva)
VALUES
    (57,2);
INSERT INTO silla_reservas (sillas_cod_silla,reservas_cod_reserva)
VALUES
    (58,5);
INSERT INTO silla_reservas (sillas_cod_silla,reservas_cod_reserva)
VALUES
    (59,1);
INSERT INTO silla_reservas (sillas_cod_silla,reservas_cod_reserva)
VALUES
    (60,2);
INSERT INTO silla_reservas (sillas_cod_silla,reservas_cod_reserva)
VALUES
    (61,7);
INSERT INTO silla_reservas (sillas_cod_silla,reservas_cod_reserva)
VALUES
    (62,6);
INSERT INTO silla_reservas (sillas_cod_silla,reservas_cod_reserva)
VALUES
    (63,3);
INSERT INTO silla_reservas (sillas_cod_silla,reservas_cod_reserva)
VALUES
    (64,6);
INSERT INTO silla_reservas (sillas_cod_silla,reservas_cod_reserva)
VALUES
    (65,5);
INSERT INTO silla_reservas (sillas_cod_silla,reservas_cod_reserva)
VALUES
    (66,4);
INSERT INTO silla_reservas (sillas_cod_silla,reservas_cod_reserva)
VALUES
    (67,2);
INSERT INTO silla_reservas (sillas_cod_silla,reservas_cod_reserva)
VALUES
    (68,5);
INSERT INTO silla_reservas (sillas_cod_silla,reservas_cod_reserva)
VALUES
    (69,4);
INSERT INTO silla_reservas (sillas_cod_silla,reservas_cod_reserva)
VALUES
    (70,5);

INSERT INTO vuelo (codigo,aerolinea,fecha,hora_aterrizaje,hora_despegue,silla,cod_destino_cod_ciudad,cod_origen_cod_ciudad)
VALUES
    (1,"CopaAirlinesColombia","2022-7-29","19:21:00","6:30:32",8,3,5);
INSERT INTO vuelo (codigo,aerolinea,fecha,hora_aterrizaje,hora_despegue,silla,cod_destino_cod_ciudad,cod_origen_cod_ciudad)
VALUES
    (2,"AirNostrum","2022-7-13","0:36:07","9:33:49",7,2,8);
INSERT INTO vuelo (codigo,aerolinea,fecha,hora_aterrizaje,hora_despegue,silla,cod_destino_cod_ciudad,cod_origen_cod_ciudad)
VALUES
    (3,"AmericanAirlines","2022-7-19","4:50:01","8:38:22",14,3,6);
INSERT INTO vuelo (codigo,aerolinea,fecha,hora_aterrizaje,hora_despegue,silla,cod_destino_cod_ciudad,cod_origen_cod_ciudad)
VALUES
    (4,"CorsairFly","2022-7-22","18:46:25","8:42:54",38,4,6);
INSERT INTO vuelo (codigo,aerolinea,fecha,hora_aterrizaje,hora_despegue,silla,cod_destino_cod_ciudad,cod_origen_cod_ciudad)
VALUES
    (5,"AirEuropa","2022-7-21","7:42:45","6:35:59",2,3,6);
INSERT INTO vuelo (codigo,aerolinea,fecha,hora_aterrizaje,hora_despegue,silla,cod_destino_cod_ciudad,cod_origen_cod_ciudad)
VALUES
    (6,"CopaAirlinesColombia","2022-7-19","7:04:59","8:23:29",13,3,8);
INSERT INTO vuelo (codigo,aerolinea,fecha,hora_aterrizaje,hora_despegue,silla,cod_destino_cod_ciudad,cod_origen_cod_ciudad)
VALUES
    (7,"SkyAirline","2022-7-29","11:25:24","9:23:35",50,3,7);
INSERT INTO vuelo (codigo,aerolinea,fecha,hora_aterrizaje,hora_despegue,silla,cod_destino_cod_ciudad,cod_origen_cod_ciudad)
VALUES
    (8,"CorsairFly","2022-7-27","4:21:43","9:28:53",12,3,5);
INSERT INTO vuelo (codigo,aerolinea,fecha,hora_aterrizaje,hora_despegue,silla,cod_destino_cod_ciudad,cod_origen_cod_ciudad)
VALUES
    (9,"AirFrance","2022-7-21","0:15:03","6:48:48",32,1,7);
INSERT INTO vuelo (codigo,aerolinea,fecha,hora_aterrizaje,hora_despegue,silla,cod_destino_cod_ciudad,cod_origen_cod_ciudad)
VALUES
    (10,"DeltaAirlines","2022-7-7","2:25:59","7:08:06",51,3,7);
INSERT INTO vuelo (codigo,aerolinea,fecha,hora_aterrizaje,hora_despegue,silla,cod_destino_cod_ciudad,cod_origen_cod_ciudad)
VALUES
    (11,"AmericanAirlines","2022-7-1","3:05:05","6:03:49",8,4,7);
INSERT INTO vuelo (codigo,aerolinea,fecha,hora_aterrizaje,hora_despegue,silla,cod_destino_cod_ciudad,cod_origen_cod_ciudad)
VALUES
    (12,"SkyAirline","2022-7-3","18:14:57","8:03:24",66,3,7);
INSERT INTO vuelo (codigo,aerolinea,fecha,hora_aterrizaje,hora_despegue,silla,cod_destino_cod_ciudad,cod_origen_cod_ciudad)
VALUES
    (13,"AustrianAirlines","2022-7-7","23:43:15","10:27:43",67,3,7);
INSERT INTO vuelo (codigo,aerolinea,fecha,hora_aterrizaje,hora_despegue,silla,cod_destino_cod_ciudad,cod_origen_cod_ciudad)
VALUES
    (14,"Iberia","2022-7-13","13:12:50","11:09:03",22,1,5);
INSERT INTO vuelo (codigo,aerolinea,fecha,hora_aterrizaje,hora_despegue,silla,cod_destino_cod_ciudad,cod_origen_cod_ciudad)
VALUES
    (15,"SATENA","2022-7-10","23:02:28","8:06:36",38,1,7);
INSERT INTO vuelo (codigo,aerolinea,fecha,hora_aterrizaje,hora_despegue,silla,cod_destino_cod_ciudad,cod_origen_cod_ciudad)
VALUES
    (16,"CopaAirlinesColombia","2022-7-28","8:02:54","9:38:52",63,2,5);
INSERT INTO vuelo (codigo,aerolinea,fecha,hora_aterrizaje,hora_despegue,silla,cod_destino_cod_ciudad,cod_origen_cod_ciudad)
VALUES
    (17,"AirFrance","2022-7-7","0:42:00","9:04:00",59,1,7);
INSERT INTO vuelo (codigo,aerolinea,fecha,hora_aterrizaje,hora_despegue,silla,cod_destino_cod_ciudad,cod_origen_cod_ciudad)
VALUES
    (18,"SATENA","2022-7-17","22:56:29","11:47:05",14,3,7);
INSERT INTO vuelo (codigo,aerolinea,fecha,hora_aterrizaje,hora_despegue,silla,cod_destino_cod_ciudad,cod_origen_cod_ciudad)
VALUES
    (19,"AirEuropa","2022-7-26","21:19:55","9:58:07",11,2,6);
INSERT INTO vuelo (codigo,aerolinea,fecha,hora_aterrizaje,hora_despegue,silla,cod_destino_cod_ciudad,cod_origen_cod_ciudad)
VALUES
    (20,"AirEuropa","2022-7-31","6:41:24","10:30:10",4,1,7);

